{
	"info": {
		"_postman_id": "82ab07de-1cb4-404c-849d-e350070d8549",
		"name": "bookStoreCollection",
		"schema": "https://schema.getpostman.com/json/collection/v2.1.0/collection.json"
	},
	"item": [
		{
			"name": "bookstoreReadXML",
			"request": {
				"method": "GET",
				"header": [
					{
						"key": "Content-Type",
						"value": "application/json",
						"type": "text"
					}
				],
				"url": {
					"raw": "localhost:8081/bookstore/v1/read",
					"host": [
						"localhost"
					],
					"port": "8081",
					"path": [
						"bookstore",
						"v1",
						"read"
					]
				}
			},
			"response": []
		},
		{
			"name": "bookstoredelete",
			"request": {
				"method": "DELETE",
				"header": [
					{
						"key": "Content-Type",
						"value": "application/json",
						"type": "text"
					}
				],
				"url": {
					"raw": "localhost:8081/bookstore/v1/delete/43",
					"host": [
						"localhost"
					],
					"port": "8081",
					"path": [
						"bookstore",
						"v1",
						"delete",
						"43"
					]
				}
			},
			"response": []
		},
		{
			"name": "bookstorecreate",
			"request": {
				"method": "POST",
				"header": [
					{
						"key": "Content-Type",
						"name": "Content-Type",
						"value": "application/json",
						"type": "text"
					}
				],
				"body": {
					"mode": "raw",
					"raw": "{\r\n\t\"books\": [{\r\n\t\t\t\"category\": \"cooking\",\r\n\t\t\t\"lang\": \"en\",\r\n\t\t\t\"title\": \"title\",\r\n\t\t\t\"year\": \"1999\",\r\n\t\t\t\"price\": \"30.00\",\r\n\t\t\t\"authors\": [\r\n\t\t\t\t\"Giada De Laurentiis\",\r\n\t\t\t\t\"Sam T. Bruce\"\r\n\t\t\t]\r\n\r\n\t\t},\r\n\t\t{\r\n\r\n\t\t\t\"category\": \"cooking\",\r\n\t\t\t\"lang\": \"en\",\r\n\t\t\t\"title\": \"demo\",\r\n\t\t\t\"year\": \"1999\",\r\n\t\t\t\"price\": \"30.00\",\r\n\t\t\t\"authors\": [\r\n\t\t\t\t\"Giada De Laurentiis\",\r\n\t\t\t\t\"Sam T. Bruce\"\r\n\t\t\t]\r\n\t\t}\r\n\r\n\t]\r\n}",
					"options": {
						"raw": {
							"language": "json"
						}
					}
				},
				"url": {
					"raw": "localhost:8081/bookstore/v1/create",
					"host": [
						"localhost"
					],
					"port": "8081",
					"path": [
						"bookstore",
						"v1",
						"create"
					]
				}
			},
			"response": []
		},
		{
			"name": "bookstoreupdate",
			"request": {
				"method": "PUT",
				"header": [
					{
						"key": "Content-Type",
						"name": "Content-Type",
						"value": "application/json",
						"type": "text"
					}
				],
				"body": {
					"mode": "raw",
					"raw": "{\r\n\t\"books\": [{\r\n\t\t\t\"category\": \"cooking\",\r\n\t\t\t\"lang\": \"en\",\r\n\t\t\t\"title\": \"title\",\r\n\t\t\t\"year\": \"1999\",\r\n\t\t\t\"price\": \"30.00\",\r\n\t\t\t\"authors\": [\r\n\t\t\t\t\"Giada De Laurentiis\",\r\n\t\t\t\t\"Sam T. Bruce\"\r\n\t\t\t]\r\n\r\n\t\t},\r\n\t\t{\r\n\r\n\t\t\t\"category\": \"cooking\",\r\n\t\t\t\"lang\": \"en\",\r\n\t\t\t\"title\": \"demo1\",\r\n\t\t\t\"year\": \"1999\",\r\n\t\t\t\"price\": \"30.00\",\r\n\t\t\t\"authors\": [\r\n\t\t\t\t\"Giada De Laurentiis\",\r\n\t\t\t\t\"Sam T. Bruce\"\r\n\t\t\t]\r\n\t\t}\r\n\r\n\t]\r\n}",
					"options": {
						"raw": {
							"language": "json"
						}
					}
				},
				"url": {
					"raw": "localhost:8081/bookstore/v1/update",
					"host": [
						"localhost"
					],
					"port": "8081",
					"path": [
						"bookstore",
						"v1",
						"update"
					]
				}
			},
			"response": []
		},
		{
			"name": "bookstoregetall",
			"request": {
				"method": "GET",
				"header": [
					{
						"key": "Content-Type",
						"value": "application/json",
						"type": "text"
					}
				],
				"url": {
					"raw": "localhost:8081/bookstore/v1/book-all",
					"host": [
						"localhost"
					],
					"port": "8081",
					"path": [
						"bookstore",
						"v1",
						"book-all"
					]
				}
			},
			"response": []
		}
	],
	"protocolProfileBehavior": {}
}