<?xml version="1.0" encoding="UTF-8"?>  
<!DOCTYPE hibernate-configuration PUBLIC  
        "-//Hibernate/Hibernate Configuration DTD 5.3//EN"  
        "http://www.hibernate.org/dtd/hibernate-configuration-5.3.dtd">

<hibernate-configuration>
	<session-factory>

		<property name="hibernate.dialect">
			org.hibernate.dialect.PostgreSQLDialect
		</property>

		<property name="hibernate.connection.driver_class">
			org.postgresql.Driver
		</property>

		<!-- Assume students is the database name -->

		<property name="hibernate.connection.url">
			jdbc:postgresql://ec2-52-23-14-156.compute-1.amazonaws.com:5432/dc3rimlgv3ql1g
		</property>

		<property name="hibernate.connection.username">
			fffjlptgfzennc
		</property>

		<property name="hibernate.connection.password">
			3bd4ad6bd23ac832238b0640b8c32f31232bf25fe27513ebb712a42424df998b
		</property>

		<property name="hbm2ddl">
			update
		</property>
		<mapping class="com.test.Book" />
		<mapping class="com.test.Author" />
	</session-factory>
</hibernate-configuration>